{
  "class_labels": [
    "healthy",
    "parkinson"
  ],
  "roc_curve": {
    "fpr": [
      0.0,
      0.0,
      0.0,
      0.125,
      0.125,
      0.25,
      0.25,
      0.375,
      0.375,
      0.625,
      0.625,
      1.0
    ],
    "tpr": [
      0.0,
      0.045454545454545456,
      0.7272727272727273,
      0.7272727272727273,
      0.7727272727272727,
      0.7727272727272727,
      0.9090909090909091,
      0.9090909090909091,
      0.9545454545454546,
      0.9545454545454546,
      1.0,
      1.0
    ]
  },
  "pr_curve": {
    "precision": [
      0.7333333333333333,
      0.7586206896551724,
      0.7857142857142857,
      0.8148148148148148,
      0.8076923076923077,
      0.84,
      0.875,
      0.8695652173913043,
      0.9090909090909091,
      0.9047619047619048,
      0.9,
      0.8947368421052632,
      0.9444444444444444,
      0.9411764705882353,
      1.0,
      1.0,
      1.0,
      1.0,
      1.0,
      1.0,
      1.0,
      1.0,
      1.0,
      1.0,
      1.0,
      1.0,
      1.0,
      1.0,
      1.0,
      1.0,
      1.0
    ],
    "recall": [
      1.0,
      1.0,
      1.0,
      1.0,
      0.9545454545454546,
      0.9545454545454546,
      0.9545454545454546,
      0.9090909090909091,
      0.9090909090909091,
      0.8636363636363636,
      0.8181818181818182,
      0.7727272727272727,
      0.7727272727272727,
      0.7272727272727273,
      0.7272727272727273,
      0.6818181818181818,
      0.6363636363636364,
      0.5909090909090909,
      0.5454545454545454,
      0.5,
      0.45454545454545453,
      0.4090909090909091,
      0.36363636363636365,
      0.3181818181818182,
      0.2727272727272727,
      0.22727272727272727,
      0.18181818181818182,
      0.13636363636363635,
      0.09090909090909091,
      0.045454545454545456,
      0.0
    ]
  }
}