{
  "class_labels": [
    "negative",
    "positive"
  ],
  "roc_curve": {
    "fpr": [
      0.0,
      0.0,
      0.0,
      0.013333333333333334,
      0.013333333333333334,
      0.02666666666666667,
      0.02666666666666667,
      0.04,
      0.04,
      0.05333333333333334,
      0.05333333333333334,
      0.09333333333333334,
      0.09333333333333334,
      0.10666666666666667,
      0.10666666666666667,
      0.12,
      0.12,
      0.18666666666666668,
      0.18666666666666668,
      0.24,
      0.24,
      0.25333333333333335,
      0.25333333333333335,
      0.26666666666666666,
      0.26666666666666666,
      0.29333333333333333,
      0.29333333333333333,
      0.30666666666666664,
      0.30666666666666664,
      0.32,
      0.32,
      0.3333333333333333,
      0.3333333333333333,
      0.37333333333333335,
      0.37333333333333335,
      0.4533333333333333,
      0.4533333333333333,
      0.56,
      0.56,
      0.5733333333333334,
      0.5733333333333334,
      0.5866666666666667,
      0.5866666666666667,
      0.6133333333333333,
      0.6133333333333333,
      0.6666666666666666,
      0.6666666666666666,
      0.7466666666666667,
      0.7466666666666667,
      0.7733333333333333,
      0.7733333333333333,
      1.0
    ],
    "tpr": [
      0.0,
      0.024390243902439025,
      0.07317073170731707,
      0.07317073170731707,
      0.17073170731707318,
      0.17073170731707318,
      0.1951219512195122,
      0.1951219512195122,
      0.3902439024390244,
      0.3902439024390244,
      0.4146341463414634,
      0.4146341463414634,
      0.4878048780487805,
      0.4878048780487805,
      0.5121951219512195,
      0.5121951219512195,
      0.5365853658536586,
      0.5365853658536586,
      0.5853658536585366,
      0.5853658536585366,
      0.6097560975609756,
      0.6097560975609756,
      0.6341463414634146,
      0.6341463414634146,
      0.6585365853658537,
      0.6585365853658537,
      0.6829268292682927,
      0.6829268292682927,
      0.7317073170731707,
      0.7317073170731707,
      0.7560975609756098,
      0.7560975609756098,
      0.7804878048780488,
      0.7804878048780488,
      0.8048780487804879,
      0.8048780487804879,
      0.8292682926829268,
      0.8292682926829268,
      0.8536585365853658,
      0.8536585365853658,
      0.8780487804878049,
      0.8780487804878049,
      0.9024390243902439,
      0.9024390243902439,
      0.926829268292683,
      0.926829268292683,
      0.9512195121951219,
      0.9512195121951219,
      0.975609756097561,
      0.975609756097561,
      1.0,
      1.0
    ]
  },
  "pr_curve": {
    "precision": [
      0.35344827586206895,
      0.3565217391304348,
      0.35964912280701755,
      0.36283185840707965,
      0.36607142857142855,
      0.36936936936936937,
      0.37272727272727274,
      0.3761467889908257,
      0.37962962962962965,
      0.38317757009345793,
      0.3867924528301887,
      0.3904761904761905,
      0.3942307692307692,
      0.39805825242718446,
      0.4019607843137255,
      0.40594059405940597,
      0.41,
      0.41414141414141414,
      0.40816326530612246,
      0.41237113402061853,
      0.4166666666666667,
      0.4105263157894737,
      0.4148936170212766,
      0.41935483870967744,
      0.42391304347826086,
      0.42857142857142855,
      0.43333333333333335,
      0.43820224719101125,
      0.4318181818181818,
      0.4367816091954023,
      0.4418604651162791,
      0.4470588235294118,
      0.4523809523809524,
      0.4457831325301205,
      0.45121951219512196,
      0.4567901234567901,
      0.45,
      0.45569620253164556,
      0.44871794871794873,
      0.45454545454545453,
      0.4473684210526316,
      0.4533333333333333,
      0.4594594594594595,
      0.4657534246575342,
      0.4722222222222222,
      0.4788732394366197,
      0.4857142857142857,
      0.4927536231884058,
      0.5,
      0.4925373134328358,
      0.5,
      0.5076923076923077,
      0.515625,
      0.5238095238095238,
      0.532258064516129,
      0.5409836065573771,
      0.5333333333333333,
      0.5423728813559322,
      0.5517241379310345,
      0.5614035087719298,
      0.5535714285714286,
      0.5636363636363636,
      0.5555555555555556,
      0.5660377358490566,
      0.5576923076923077,
      0.5490196078431373,
      0.56,
      0.5510204081632653,
      0.5625,
      0.574468085106383,
      0.5652173913043478,
      0.5777777777777777,
      0.5681818181818182,
      0.5813953488372093,
      0.5714285714285714,
      0.5853658536585366,
      0.6,
      0.6153846153846154,
      0.631578947368421,
      0.6216216216216216,
      0.6111111111111112,
      0.6285714285714286,
      0.6470588235294118,
      0.6666666666666666,
      0.6875,
      0.7096774193548387,
      0.7,
      0.7241379310344828,
      0.7142857142857143,
      0.7407407407407407,
      0.7307692307692307,
      0.72,
      0.7083333333333334,
      0.7391304347826086,
      0.7727272727272727,
      0.8095238095238095,
      0.8,
      0.8421052631578947,
      0.8333333333333334,
      0.8235294117647058,
      0.8125,
      0.8,
      0.7857142857142857,
      0.7692307692307693,
      0.75,
      0.7272727272727273,
      0.8,
      0.7777777777777778,
      0.875,
      0.8571428571428571,
      0.8333333333333334,
      0.8,
      0.75,
      1.0,
      1.0,
      1.0,
      1.0
    ],