{
  "accuracy": 0.7213594276094276,
  "precision": 0.7199625847003766,
  "recall": 0.7213594276094276,
  "f1_score": 0.7206508552016524,
  "num_classes": 2,
  "train_rows": 221760,
  "validation_rows": 47520,
  "test_rows": 47520,
  "auc": 0.8071481769622902
}