{
  "accuracy": 0.6967592592592593,
  "balanced_accuracy": 0.5,
  "precision": 0.625,
  "recall": 0.6967592592592593,
  "f1_score": 0.6489573806475215,
  "auc": 0.49999999999999994,
  "sensitivity": 0.8935185185185185,
  "specificity": 0.10648148148148148,
  "train_rows": 4032.0,
  "validation_rows": 864.0,
  "test_rows": 864.0,
  "num_classes": 2.0
}