{
  "accuracy": 0.8833333333333333,
  "precision": 0.9029761904761905,
  "recall": 0.8833333333333333,
  "f1_score": 0.8832954401919919,
  "num_classes": 4,
  "train_rows": 280,
  "validation_rows": 60,
  "test_rows": 60
}