{
  "accuracy": 0.8857142857142857,
  "balanced_accuracy": 0.8857142857142857,
  "precision": 0.8877416387627951,
  "recall": 0.8857142857142857,
  "f1_score": 0.8845484713237768,
  "confusion_matrix": [
    [
      101,
      2,
      1,
      1
    ],
    [
      0,
      90,
      9,
      6
    ],
    [
      7,
      3,
      81,
      14
    ],
    [
      0,
      3,
      2,
      100
    ]
  ],
  "roc_auc": 0.9818027210884355,
  "train_rows": 1960.0,
  "validation_rows": 420.0,
  "test_rows": 420.0,
  "num_classes": 4.0
}