{
  "accuracy": 0.7586206896551724,
  "balanced_accuracy": 0.7746341463414634,
  "precision": 0.7908525617965979,
  "recall": 0.7586206896551724,
  "f1_score": 0.7637973292765381,
  "auc": 0.8364227642276423,
  "sensitivity": 0.8292682926829268,
  "specificity": 0.72,
  "train_rows": 537.0,
  "validation_rows": 115.0,
  "test_rows": 116.0,
  "num_classes": 2.0
}