{
  "accuracy": 0.3333333333333333,
  "precision": 0.3189705031810295,
  "recall": 0.3333333333333333,
  "f1_score": 0.3238554042306578,
  "num_classes": 4,
  "train_rows": 280,
  "validation_rows": 60,
  "test_rows": 60
}