{
  "accuracy": 0.4945054945054945,
  "balanced_accuracy": 0.4357638888888889,
  "precision": 0.4739403453689168,
  "recall": 0.4945054945054945,
  "f1_score": 0.4829509671614935,
  "confusion_matrix": [
    [
      28,
      2,
      6,
      9
    ],
    [
      1,
      12,
      2,
      0
    ],
    [
      12,
      0,
      3,
      1
    ],
    [
      9,
      1,
      3,
      2
    ]
  ],
  "roc_auc": 0.6229778459526744,
  "train_rows": 420.0,
  "validation_rows": 90.0,
  "test_rows": 91.0,
  "num_classes": 4.0
}