{
  "accuracy": 0.8188405797101449,
  "balanced_accuracy": 0.8221561969439728,
  "precision": 0.8239865574459146,
  "recall": 0.8188405797101449,
  "f1_score": 0.8193079033002583,
  "auc": 0.9210526315789473,
  "sensitivity": 0.7894736842105263,
  "specificity": 0.8548387096774194,
  "train_rows": 644.0,
  "validation_rows": 138.0,
  "test_rows": 138.0,
  "num_classes": 2.0
}