{
  "accuracy": 0.6931818181818182,
  "precision": 0.6612215909090909,
  "recall": 0.6931818181818182,
  "f1_score": 0.6697339246119735,
  "num_classes": 2,
  "train_rows": 408,
  "validation_rows": 87,
  "test_rows": 88,
  "auc": 0.6980952380952381
}