{
  "accuracy": 0.6627906976744186,
  "balanced_accuracy": 0.5970491803278688,
  "precision": 0.6667859272510436,
  "recall": 0.6627906976744186,
  "f1_score": 0.6647032443575162,
  "confusion_matrix": [
    [
      11,
      14
    ],
    [
      15,
      46
    ]
  ],
  "sensitivity": 0.7540983606557377,
  "specificity": 0.44,
  "roc_auc": 0.7278688524590163,
  "average_precision": 0.8888936639995271,
  "train_rows": 399.0,
  "validation_rows": 85.0,
  "test_rows": 86.0,
  "num_classes": 2.0
}