{
  "accuracy": 0.6744186046511628,
  "balanced_accuracy": 0.7350819672131148,
  "precision": 0.7908118600844974,
  "recall": 0.6744186046511628,
  "f1_score": 0.6883462532299742,
  "auc": 0.7245901639344262,
  "sensitivity": 0.5901639344262295,
  "specificity": 0.88,
  "train_rows": 399.0,
  "validation_rows": 85.0,
  "test_rows": 86.0,
  "num_classes": 2.0
}