{
  "accuracy": 0.7741935483870968,
  "balanced_accuracy": 0.86,
  "precision": 0.8957816377171216,
  "recall": 0.7741935483870968,
  "f1_score": 0.797409878785486,
  "auc": 0.8133333333333334,
  "sensitivity": 0.72,
  "specificity": 1.0,
  "train_rows": 134.0,
  "validation_rows": 30.0,
  "test_rows": 31.0,
  "num_classes": 2.0
}