{
  "accuracy": 0.8666666666666667,
  "precision": 0.8666666666666667,
  "recall": 0.8666666666666667,
  "f1_score": 0.8666666666666667,
  "num_classes": 2,
  "train_rows": 136,
  "validation_rows": 29,
  "test_rows": 30,
  "auc": 0.9147727272727273
}