{
  "accuracy": 0.9666666666666667,
  "precision": 0.96875,
  "recall": 0.9666666666666667,
  "f1_score": 0.9666295884315907,
  "num_classes": 2,
  "train_rows": 140,
  "validation_rows": 30,
  "test_rows": 30,
  "auc": 1.0
}