{
  "accuracy": 0.9,
  "precision": 0.9017857142857143,
  "recall": 0.9,
  "f1_score": 0.899888765294772,
  "num_classes": 2,
  "train_rows": 140,
  "validation_rows": 30,
  "test_rows": 30,
  "auc": 0.96
}