{
  "class_labels": [
    "normal",
    "tuberculosis"
  ],
  "roc_curve": {
    "fpr": [
      0.0,
      0.02857142857142857,
      0.02857142857142857,
      0.3047619047619048,
      0.3047619047619048,
      1.0
    ],
    "tpr": [
      0.0,
      0.9523809523809523,
      0.9904761904761905,
      0.9904761904761905,
      1.0,
      1.0
    ]
  },
  "pr_curve": {
    "precision": [
      0.5,
      0.5023923444976076,
      0.5048076923076923,
      0.5072463768115942,
      0.5097087378640777,
      0.5121951219512195,
      0.5147058823529411,
      0.5172413793103449,
      0.5198019801980198,
      0.5223880597014925,
      0.525,
      0.5276381909547738,
      0.5303030303030303,
      0.5329949238578681,
      0.5357142857142857,
      0.5384615384615384,
      0.5412371134020618,
      0.5440414507772021,
      0.546875,
      0.5497382198952879,
      0.5526315789473685,
      0.5555555555555556,
      0.5585106382978723,
      0.5614973262032086,
      0.5645161290322581,
      0.5675675675675675,
      0.5706521739130435,
      0.5737704918032787,
      0.5769230769230769,
      0.580110497237569,
      0.5833333333333334,
      0.5865921787709497,
      0.5898876404494382,
      0.5932203389830508,
      0.5965909090909091,
      0.6,
      0.603448275862069,
      0.6069364161849711,
      0.6104651162790697,
      0.6140350877192983,
      0.6176470588235294,
      0.621301775147929,
      0.625,
      0.6287425149700598,
      0.6325301204819277,
      0.6363636363636364,
      0.6402439024390244,
      0.6441717791411042,
      0.6481481481481481,
      0.6521739130434783,
      0.65625,
      0.660377358490566,
      0.6645569620253164,
      0.6687898089171974,
      0.6730769230769231,
      0.6774193548387096,
      0.6818181818181818,
      0.6862745098039216,
      0.6907894736842105,
      0.695364238410596,
      0.7,
      0.7046979865771812,
      0.7094594594594594,
      0.7142857142857143,
      0.7191780821917808,
      0.7241379310344828,
      0.7291666666666666,
      0.7342657342657343,
      0.7394366197183099,
      0.7446808510638298,
      0.75,
      0.7553956834532374,
      0.7608695652173914,
      0.7664233576642335,
      0.7647058823529411,
      0.7703703703703704,
      0.7761194029850746,
      0.7819548872180451,
      0.7878787878787878,
      0.7938931297709924,
      0.8,
      0.8062015503875969,
      0.8125,
      0.8188976377952756,
      0.8253968253968254,
      0.832,
      0.8387096774193549,
      0.8455284552845529,
      0.8524590163934426,
      0.859504132231405,
      0.8666666666666667,
      0.8739495798319328,
      0.8813559322033898,
      0.8888888888888888,
      0.896551724137931,
      0.9043478260869565,
      0.9122807017543859,
      0.9203539823008849,
      0.9285714285714286,
      0.9369369369369369,
      0.9454545454545454,
      0.9541284403669725,
      0.9629629629629629,
      0.9719626168224299,
      0.9716981132075472,
      0.9714285714285714,
      0.9711538461538461,
      0.970873786407767,
      1.0
    ],
    "recall": [
      1.0,
      1.0,
      1.0,
      1.0,
      1.0,
      1.0,
      1.0,
      1.0,
      1.0,
      1.0,
      1.0,
      1.0,
      1.0,
      1.0,
      1.0,
      1.0,
      1.0,
      1.0,
      1.0,
      1.0,
      1.0,
      1.0,
      1.0,
      1.0,
      1.0,
      1.0,
      1.0,
      1.0,
      1.0,
      1.0,
      1.0,
      1.0,
      1.0,
      1.0,
      1.0,
      1.0,
      1.0,
      1.0,
      1.0,
      1.0,
      1.0,
      1.0,
      1.0,
      1.0,
      1.0,
      1.0,
      1.0,
      1.0,
      1.0,
      1.0,
      1.0,
      1.0,
      1.0,
      1.0,
      1.0,
      1.0,
      1.0,
      1.0,
      1.0,
      1.0,
      1.0,
      1.0,
      1.0,
      1.0,
      1.0,
      1.0,
      1.0,
      1.0,
      1.0,
      1.0,
      1.0,
      1.0,
      1.0,
      1.0,
      0.9904761904761905,
      0.9904761904761905,
      0.9904761904761905,
      0.9904761904761905,
      0.9904761904761905,
      0.9904761904761905,
      0.9904761904761905,
      0.9904761904761905,
      0.9904761904761905,
      0.9904761904761905,
      0.9904761904761905,
      0.9904761904761905,
      0.9904761904761905,
      0.9904761904761905,
      0.9904761904761905,
      0.9904761904761905,
      0.9904761904761905,
      0.9904761904761905,
      0.9904761904761905,
      0.9904761904761905,
      0.9904761904761905,
      0.9904761904761905,
      0.9904761904761905,
      0.9904761904761905,
      0.9904761904761905,
      0.9904761904761905,
      0.9904761904761905,
      0.9904761904761905,
      0.9904761904761905,
      0.9904761904761905,
      0.9809523809523809,
      0.9714285714285714,
      0.9619047619047619,
      0.9523809523809523,
      0.0
    ]
  }
}