{
  "class_labels": [
    "normal",
    "pneumonia"
  ],
  "roc_curve": {
    "fpr": [
      0.0,
      0.0,
      0.0,
      0.0,
      0.0,
      0.009523809523809525,
      0.009523809523809525,
      0.01904761904761905,
      0.01904761904761905,
      0.047619047619047616,
      0.047619047619047616,
      0.05714285714285714,
      0.05714285714285714,
      0.06666666666666667,
      0.06666666666666667,
      0.0761904761904762,
      0.0761904761904762,
      0.09523809523809523,
      0.09523809523809523,
      0.10476190476190476,
      0.10476190476190476,
      0.11428571428571428,
      0.11428571428571428,
      0.21904761904761905,
      0.21904761904761905,
      0.24761904761904763,
      0.2571428571428571,
      0.49523809523809526,
      0.5142857142857142,
      0.6952380952380952,
      0.6952380952380952,
      0.7428571428571429,
      0.7619047619047619,
      1.0
    ],
    "tpr": [
      0.0,
      0.009523809523809525,
      0.34285714285714286,
      0.38095238095238093,
      0.780952380952381,
      0.780952380952381,
      0.7904761904761904,
      0.7904761904761904,
      0.819047619047619,
      0.819047619047619,
      0.8285714285714286,
      0.8285714285714286,
      0.8666666666666667,
      0.8666666666666667,
      0.9047619047619048,
      0.9047619047619048,
      0.9142857142857143,
      0.9142857142857143,
      0.9428571428571428,
      0.9428571428571428,
      0.9619047619047619,
      0.9619047619047619,
      0.9714285714285714,
      0.9714285714285714,
      0.9809523809523809,
      0.9809523809523809,
      0.9904761904761905,
      0.9904761904761905,
      0.9904761904761905,
      0.9904761904761905,
      1.0,
      1.0,
      1.0,
      1.0
    ]
  },
  "pr_curve": {
    "precision": [
      0.5,
      0.5023923444976076,
      0.5048076923076923,
      0.5072463768115942,
      0.5097087378640777,
      0.5121951219512195,
      0.5147058823529411,
      0.5172413793103449,
      0.5198019801980198,
      0.5223880597014925,
      0.525,
      0.5276381909547738,
      0.5303030303030303,
      0.5329949238578681,
      0.5357142857142857,
      0.5384615384615384,
      0.5412371134020618,
      0.5440414507772021,
      0.546875,
      0.5497382198952879,
      0.5526315789473685,
      0.5555555555555556,
      0.5585106382978723,
      0.5614973262032086,
      0.5645161290322581,
      0.5675675675675675,
      0.5737704918032787,
      0.5769230769230769,
      0.580110497237569,
      0.5833333333333334,
      0.5865921787709497,
      0.5898876404494382,
      0.5875706214689266,
      0.5909090909090909,
      0.5942857142857143,
      0.5977011494252874,
      0.6011560693641619,
      0.6046511627906976,
      0.6081871345029239,
      0.611764705882353,
      0.6153846153846154,
      0.6190476190476191,
      0.6227544910179641,
      0.6265060240963856,
      0.6303030303030303,
      0.6341463414634146,
      0.6380368098159509,
      0.6419753086419753,
      0.6459627329192547,
      0.65,
      0.6540880503144654,
      0.6582278481012658,
      0.6666666666666666,
      0.6709677419354839,
      0.6753246753246753,
      0.6797385620915033,
      0.6842105263157895,
      0.6887417218543046,
      0.6933333333333334,
      0.697986577181208,
      0.7027027027027027,
      0.7074829931972789,
      0.7123287671232876,
      0.7172413793103448,
      0.7222222222222222,
      0.7272727272727273,
      0.7323943661971831,
      0.7375886524822695,
      0.7428571428571429,
      0.7482014388489209,
      0.7536231884057971,
      0.7591240875912408,
      0.7647058823529411,
      0.7703703703703704,
      0.7761194029850746,
      0.7819548872180451,
      0.7878787878787878,
      0.7938931297709924,
      0.7984496124031008,
      0.8046875,
      0.8110236220472441,
      0.8174603174603174,
      0.816,
      0.8225806451612904,
      0.8292682926829268,
      0.8360655737704918,
      0.8429752066115702,
      0.85,
      0.8571428571428571,
      0.864406779661017,
      0.8717948717948718,
      0.8793103448275862,
      0.8869565217391304,
      0.8947368421052632,
      0.8938053097345132,
      0.9017857142857143,
      0.9009009009009009,
      0.9,
      0.908256880733945,
      0.9074074074074074,
      0.9065420560747663,
      0.9056603773584906,
      0.9142857142857143,
      0.9230769230769231,
      0.9223300970873787,
      0.9313725490196079,
      0.9306930693069307,
      0.93,
      0.9292929292929293,
      0.9285714285714286,
      0.9381443298969072,
      0.9375,
      0.9368421052631579,
      0.9361702127659575,
      0.9354838709677419,
      0.9456521739130435,
      0.945054945054945,
      0.9555555555555556,
      0.9662921348314607,
      0.9772727272727273,
      0.9770114942528736,
      0.9767441860465116,
      0.9764705882352941,
      0.9880952380952381,
      0.9879518072289156,
      1.0,
      1.0,
      1.0,
      1.0,
      1.0,
      1.0,
      1.0,
      1.0,
      1.0,
      1.0,
      1.0,
      1.0,
      1.0,
      1.0,
      1.0,
      1.0,
      1.0,
      1.0,
      1.0,
      1.0,
      1.0,
      1.0,
      1.0,
      1.0,
      1.0,
      1.0,
      1.0,
      1.0,
      1.0,
      1.0,
      1.0,
      1.0,
      1.0,
      1.0,
      1.0,
      1.0,
      1.0,
      1.0,
      1.0,
      1.0,
      1.0,
      1.0,
      1.0,
      1.0,
      1.0,
      1.0,
      1.0,
      1.0,
      1.0,
      1.0,
      1.0,
      1.0,
      1.0,
      1.0,
      1.0,
      1.0,
      1.0,
      1.0,
      1.0,
      1.0,
      1.0,
      1.0,
      1.0,
      1.0,
      1.0,
      1.0,
      1.0,
      1.0,
      1.0,
      1.0,
      1.0,
      1.0,
      1.0,
      1.0,
      1.0,
      1.0,
      1.0,
      1.0,
      1.0,
      1.0,
      1.0
    ],