{
  "class_labels": [
    "low_risk",
    "high_risk"
  ],
  "roc_curve": {
    "fpr": [
      0.0,
      0.0,
      0.0,
      0.016129032258064516,
      0.016129032258064516,
      0.08064516129032258,
      0.08064516129032258,
      0.0967741935483871,
      0.0967741935483871,
      0.11290322580645161,
      0.11290322580645161,
      0.12903225806451613,
      0.12903225806451613,
      0.14516129032258066,
      0.14516129032258066,
      0.1935483870967742,
      0.1935483870967742,
      0.2903225806451613,
      0.2903225806451613,
      0.3064516129032258,
      0.3064516129032258,
      0.41935483870967744,
      0.41935483870967744,
      0.6129032258064516,
      0.6129032258064516,
      0.7419354838709677,
      0.7419354838709677,
      1.0
    ],
    "tpr": [
      0.0,
      0.013157894736842105,
      0.40789473684210525,
      0.40789473684210525,
      0.5394736842105263,
      0.5394736842105263,
      0.6973684210526315,
      0.6973684210526315,
      0.8026315789473685,
      0.8026315789473685,
      0.8289473684210527,
      0.8289473684210527,
      0.8552631578947368,
      0.8552631578947368,
      0.868421052631579,
      0.868421052631579,
      0.9078947368421053,
      0.9078947368421053,
      0.9210526315789473,
      0.9210526315789473,
      0.9605263157894737,
      0.9605263157894737,
      0.9736842105263158,
      0.9736842105263158,
      0.9868421052631579,
      0.9868421052631579,
      1.0,
      1.0
    ]
  },
  "pr_curve": {
    "precision": [
      0.5507246376811594,
      0.5547445255474452,
      0.5588235294117647,
      0.562962962962963,
      0.5671641791044776,
      0.5714285714285714,
      0.5757575757575758,
      0.5801526717557252,
      0.5846153846153846,
      0.5891472868217055,
      0.59375,
      0.5984251968503937,
      0.6031746031746031,
      0.608,
      0.6129032258064516,
      0.6178861788617886,
      0.6229508196721312,
      0.6198347107438017,
      0.625,
      0.6302521008403361,
      0.635593220338983,
      0.6410256410256411,
      0.646551724137931,
      0.6521739130434783,
      0.6578947368421053,
      0.6637168141592921,
      0.6607142857142857,
      0.6666666666666666,
      0.6727272727272727,
      0.6788990825688074,
      0.6851851851851852,
      0.6915887850467289,
      0.6981132075471698,
      0.7047619047619048,
      0.7115384615384616,
      0.7184466019417476,
      0.7254901960784313,
      0.7326732673267327,
      0.74,
      0.7373737373737373,
      0.7448979591836735,
      0.7525773195876289,
      0.7604166666666666,
      0.7684210526315789,
      0.776595744680851,
      0.7849462365591398,
      0.7934782608695652,
      0.7912087912087912,
      0.7888888888888889,
      0.7865168539325843,
      0.7954545454545454,
      0.7931034482758621,
      0.8023255813953488,
      0.8117647058823529,
      0.8214285714285714,
      0.8313253012048193,
      0.8414634146341463,
      0.8518518518518519,
      0.85,
      0.8481012658227848,
      0.8461538461538461,
      0.8571428571428571,
      0.868421052631579,
      0.88,
      0.8783783783783784,
      0.8904109589041096,
      0.8888888888888888,
      0.8873239436619719,
      0.9,
      0.8985507246376812,
      0.8970588235294118,
      0.9104477611940298,
      0.9090909090909091,
      0.9076923076923077,
      0.90625,
      0.9047619047619048,
      0.9032258064516129,
      0.9016393442622951,
      0.9,
      0.8983050847457628,
      0.9137931034482759,
      0.9122807017543859,
      0.9107142857142857,
      0.9090909090909091,
      0.9074074074074074,
      0.9056603773584906,
      0.9038461538461539,
      0.9019607843137255,
      0.9,
      0.8979591836734694,
      0.8958333333333334,
      0.8936170212765957,
      0.8913043478260869,
      0.9111111111111111,
      0.9318181818181818,
      0.9534883720930233,
      0.9761904761904762,
      0.975609756097561,
      0.975,
      0.9743589743589743,
      0.9736842105263158,
      0.972972972972973,
      0.9722222222222222,
      0.9714285714285714,
      0.9705882352941176,
      0.9696969696969697,
      0.96875,
      1.0,
      1.0,
      1.0,
      1.0,
      1.0,
      1.0,
      1.0,
      1.0,
      1.0,
      1.0,
      1.0,
      1.0,
      1.0,
      1.0,
      1.0,
      1.0,
      1.0,
      1.0,
      1.0,
      1.0,
      1.0,
      1.0,
      1.0,
      1.0,
      1.0,
      1.0,
      1.0,
      1.0,
      1.0,
      1.0,
      1.0,
      1.0
    ],
    "recall": [
      1.0,
      1.0,
      1.0,
      1.0,
      1.0,
      1.0,
      1.0,
      1.0,
      1.0,
      1.0,
      1.0,
      1.0,
      1.0,
      1.0,
      1.0,
      1.0,
      1.0,
      0.9868421052631579,
      0.9868421052631579,
      0.9868421052631579,
      0.9868421052631579,
      0.9868421052631579,
      0.9868421052631579,
      0.9868421052631579,
      0.9868421052631579,
      0.9868421052631579,
      0.9736842105263158,
      0.9736842105263158,
      0.9736842105263158,
      0.9736842105263158,
      0.9736842105263158,
      0.9736842105263158,
      0.9736842105263158,
      0.9736842105263158,
      0.9736842105263158,
      0.9736842105263158,
      0.9736842105263158,
      0.9736842105263158,
      0.9736842105263158,
      0.9605263157894737,
      0.9605263157894737,
      0.9605263157894737,
      0.9605263157894737,
      0.9605263157894737,
      0.9605263157894737,
      0.9605263157894737,
      0.9605263157894737,
      0.9473684210526315,
      0.9342105263157895,
      0.9210526315789473,
      0.9210526315789473,
      0.9078947368421053,
      0.9078947368421053,
      0.9078947368421053,
      0.9078947368421053,
      0.9078947368421053,
      0.9078947368421053,
      0.9078947368421053,
      0.8947368421052632,
      0.881578947368421,
      0.868421052631579,
      0.868421052631579,
      0.868421052631579,
      0.868421052631579,
      0.8552631578947368,
      0.8552631578947368,
      0.8421052631578947,
      0.8289473684210527,
      0.8289473684210527,
      0.8157894736842105,
      0.8026315789473685,
      0.8026315789473685,
      0.7894736842105263,
      0.7763157894736842,
      0.7631578947368421,
      0.75,
      0.7368421052631579,
      0.7236842105263158,
      0.7105263157894737,
      0.6973684210526315,
      0.6973684210526315,
      0.6842105263157895,
      0.6710526315789473,
      0.6578947368421053,
      0.6447368421052632,
      0.631578947368421,
      0.618421052631579,
      0.6052631578947368,
      0.5921052631578947,
      0.5789473684210527,
      0.5657894736842105,
      0.5526315789473685,
      0.5394736842105263,
      0.5394736842105263,
      0.5394736842105263,
      0.5394736842105263,
      0.5394736842105263,
      0.5263157894736842,
      0.5131578947368421,
      0.5,
      0.4868421052631579,
      0.47368421052631576,
      0.4605263157894737,
      0.4473684210526316,
      0.4342105263157895,
      0.42105263157894735,
      0.40789473684210525,
      0.40789473684210525,
      0.39473684210526316,
      0.3815789473684211,
      0.3684210526315789,
      0.35526315789473684,
      0.34210526315789475,
      0.32894736842105265,
      0.3157894736842105,
      0.3026315789473684,
      0.2894736842105263,
      0.27631578947368424,
      0.2631578947368421,
      0.25,
      0.23684210526315788,
      0.2236842105263158,
      0.21052631578947367,
      0.19736842105263158,
      0.18421052631578946,
      0.17105263157894737,
      0.15789473684210525,
      0.14473684210526316,
      0.13157894736842105,
      0.11842105263157894,
      0.10526315789473684,
      0.09210526315789473,
      0.07894736842105263,
      0.06578947368421052,
      0.05263157894736842,
      0.039473684210526314,
      0.02631578947368421,
      0.013157894736842105,
      0.0
    ]
  }
}