{
  "class_labels": [
    "normal",
    "disease"
  ],
  "roc_curve": {
    "fpr": [
      0.0,
      0.0,
      0.0,
      0.08,
      0.08,
      0.12,
      0.12,
      0.2,
      0.2,
      0.24,
      0.24,
      0.32,
      0.32,
      0.36,
      0.36,
      0.48,
      0.48,
      0.56,
      0.56,
      0.6,
      0.6,
      0.64,
      0.64,
      0.72,
      0.72,
      0.88,
      0.88,
      0.96,
      0.96,
      1.0,
      1.0
    ],
    "tpr": [
      0.0,
      0.01639344262295082,
      0.3442622950819672,
      0.3442622950819672,
      0.5409836065573771,
      0.5409836065573771,
      0.5737704918032787,
      0.5737704918032787,
      0.6065573770491803,
      0.6065573770491803,
      0.6557377049180327,
      0.6557377049180327,
      0.6721311475409836,
      0.6721311475409836,
      0.6885245901639344,
      0.6885245901639344,
      0.7049180327868853,
      0.7049180327868853,
      0.7704918032786885,
      0.7704918032786885,
      0.7868852459016393,
      0.7868852459016393,
      0.8688524590163934,
      0.8688524590163934,
      0.8852459016393442,
      0.8852459016393442,
      0.9672131147540983,
      0.9672131147540983,
      0.9836065573770492,
      0.9836065573770492,
      1.0
    ]
  },
  "pr_curve": {
    "precision": [
      0.7093023255813954,
      0.7058823529411765,
      0.7142857142857143,
      0.7108433734939759,
      0.7195121951219512,
      0.7283950617283951,
      0.725,
      0.7215189873417721,
      0.717948717948718,
      0.7142857142857143,
      0.7105263157894737,
      0.72,
      0.7297297297297297,
      0.7397260273972602,
      0.75,
      0.7464788732394366,
      0.7571428571428571,
      0.7681159420289855,
      0.7647058823529411,
      0.7611940298507462,
      0.7575757575757576,
      0.7538461538461538,
      0.75,
      0.7619047619047619,
      0.7580645161290323,
      0.7704918032786885,
      0.7666666666666667,
      0.7627118644067796,
      0.7586206896551724,
      0.7543859649122807,
      0.7678571428571429,
      0.7818181818181819,
      0.7777777777777778,
      0.7924528301886793,
      0.8076923076923077,
      0.8235294117647058,
      0.82,
      0.8367346938775511,
      0.8333333333333334,
      0.851063829787234,
      0.8695652173913043,
      0.8666666666666667,
      0.8636363636363636,
      0.8604651162790697,
      0.8809523809523809,
      0.8780487804878049,
      0.875,
      0.8974358974358975,
      0.9210526315789473,
      0.918918918918919,
      0.9166666666666666,
      0.9428571428571428,
      0.9411764705882353,
      0.9393939393939394,
      0.9375,
      0.9354838709677419,
      0.9333333333333333,
      0.9310344827586207,
      0.9285714285714286,
      0.9259259259259259,
      0.9230769230769231,
      0.92,
      0.9166666666666666,
      0.9130434782608695,
      0.9545454545454546,
      1.0,
      1.0,
      1.0,
      1.0,
      1.0,
      1.0,
      1.0,
      1.0,
      1.0,
      1.0,
      1.0,
      1.0,
      1.0,
      1.0,
      1.0,
      1.0,
      1.0,
      1.0,
      1.0,
      1.0,
      1.0,
      1.0
    ],
    "recall": [
      1.0,
      0.9836065573770492,
      0.9836065573770492,
      0.9672131147540983,
      0.9672131147540983,
      0.9672131147540983,
      0.9508196721311475,
      0.9344262295081968,
      0.9180327868852459,
      0.9016393442622951,
      0.8852459016393442,
      0.8852459016393442,
      0.8852459016393442,
      0.8852459016393442,
      0.8852459016393442,
      0.8688524590163934,
      0.8688524590163934,
      0.8688524590163934,
      0.8524590163934426,
      0.8360655737704918,
      0.819672131147541,
      0.8032786885245902,
      0.7868852459016393,
      0.7868852459016393,
      0.7704918032786885,
      0.7704918032786885,
      0.7540983606557377,
      0.7377049180327869,
      0.7213114754098361,
      0.7049180327868853,
      0.7049180327868853,
      0.7049180327868853,
      0.6885245901639344,
      0.6885245901639344,
      0.6885245901639344,
      0.6885245901639344,
      0.6721311475409836,
      0.6721311475409836,
      0.6557377049180327,
      0.6557377049180327,
      0.6557377049180327,
      0.639344262295082,
      0.6229508196721312,
      0.6065573770491803,
      0.6065573770491803,
      0.5901639344262295,
      0.5737704918032787,
      0.5737704918032787,
      0.5737704918032787,
      0.5573770491803278,
      0.5409836065573771,
      0.5409836065573771,
      0.5245901639344263,
      0.5081967213114754,
      0.4918032786885246,
      0.47540983606557374,
      0.45901639344262296,
      0.4426229508196721,
      0.4262295081967213,
      0.4098360655737705,
      0.39344262295081966,
      0.3770491803278688,
      0.36065573770491804,
      0.3442622950819672,
      0.3442622950819672,
      0.3442622950819672,
      0.32786885245901637,
      0.3114754098360656,
      0.29508196721311475,
      0.2786885245901639,
      0.26229508196721313,
      0.2459016393442623,
      0.22950819672131148,
      0.21311475409836064,
      0.19672131147540983,
      0.18032786885245902,
      0.16393442622950818,
      0.14754098360655737,
      0.13114754098360656,
      0.11475409836065574,
      0.09836065573770492,
      0.08196721311475409,
      0.06557377049180328,
      0.04918032786885246,
      0.03278688524590164,
      0.01639344262295082,
      0.0
    ]
  }
}